train_window,seed,start,strategy_cagr,benchmark_cagr,strategy_vol,benchmark_vol,strategy_sharpe,benchmark_sharpe,strategy_max_dd,benchmark_max_dd,avg_equity_allocation,constant_mix_cagr,constant_mix_vol,constant_mix_sharpe,constant_mix_max_dd
252,0,2011-02-02,0.054841375177562934,0.11465041505152773,0.09997001939548583,0.17206430636511544,0.5842004321326077,0.7173195057493561,-0.2102709466736019,-0.33924960002653304,0.6392459297343616,0.07554365220303882,0.10999140749646624,0.7173195057493561,-0.22693769738200364
252,1,2011-02-02,0.05131229146883598,0.11465041505152773,0.09809005976503225,0.17206430636511544,0.5593286620917152,0.7173195057493561,-0.18573054605715467,-0.33924960002653304,0.6383890317052271,0.0754474252419517,0.10984396593145758,0.7173195057493562,-0.22665732947528094
252,2,2011-02-02,0.0645865287740861,0.11465041505152773,0.10201957648420812,0.17206430636511544,0.6646056319678598,0.7173195057493561,-0.21353311215904736,-0.33924960002653304,0.654384461582405,0.07724118416223069,0.11259620847828605,0.7173195057493562,-0.23188023324184992
252,3,2011-02-02,0.054096793125071096,0.11465041505152773,0.09771369392989325,0.17206430636511544,0.5881321794735739,0.7173195057493561,-0.1720551023158421,-0.33924960002653304,0.6203941730934018,0.07342320592436224,0.10674769306627555,0.7173195057493561,-0.22075471212109465
252,4,2011-02-02,0.06533680298659661,0.11465041505152773,0.10122610481827422,0.17206430636511544,0.6760127833737347,0.7173195057493561,-0.1789190904943102,-0.33924960002653304,0.6612396458154813,0.07800832980340888,0.1137757409983554,0.717319505749356,-0.23411174336265295
252,5,2011-02-02,0.06286345073462041,0.11465041505152773,0.09799436605029874,0.17206430636511544,0.6713022243080015,0.7173195057493561,-0.20843832626104664,-0.33924960002653304,0.6361039702942016,0.07519074675442372,0.10945078842476781,0.717319505749356,-0.22590936654903648
252,6,2011-02-02,0.05314690124990862,0.11465041505152773,0.09882550009725008,0.17206430636511544,0.5735281632486067,0.7173195057493561,-0.19216375872837732,-0.33924960002653304,0.6246786632390745,0.07390575951669964,0.10748490089131889,0.7173195057493561,-0.2221626756689521
252,7,2011-02-02,0.06408170033504312,0.11465041505152773,0.09824008375660045,0.17206430636511544,0.6815198976747557,0.7173195057493561,-0.18327066966004524,-0.33924960002653304,0.6348186232504999,0.07504631831002251,0.10922962607725481,0.717319505749356,-0.22548843594426027
252,8,2011-02-02,0.06105727868635413,0.11465041505152773,0.09969659209650043,0.17206430636511544,0.6444158996119711,0.7173195057493561,-0.18363606956557077,-0.33924960002653304,0.6365324193087689,0.075238882084121,0.10952450920727214,0.717319505749356,-0.22604964451739762
252,9,2011-02-02,0.066051150773488,0.11465041505152773,0.10163662505485115,0.17206430636511544,0.6802623832754104,0.7173195057493561,-0.19533504632450982,-0.33924960002653304,0.6538131962296486,0.07717721170197578,0.1124979141016136,0.717319505749356,-0.23169408780150313
504,0,2012-02-02,0.08325382711269014,0.12298115955080502,0.10413152908841591,0.16657524048212774,0.8202588149720405,0.780068482638199,-0.1700593512268156,-0.3392496000265325,0.6866728224068944,0.0861681243731498,0.11438269052496981,0.7800684826381992,-0.24235473427887344
504,1,2012-02-02,0.08625446332011921,0.12298115955080502,0.09650819555892462,0.16657524048212774,0.9057574399071064,0.780068482638199,-0.1581614721953828,-0.3392496000265325,0.6688211757463836,0.08401744660279942,0.11140904818949324,0.7800684826381991,-0.23657488908238
504,2,2012-02-02,0.07856181147998109,0.12298115955080502,0.10378752200518555,0.16657524048212774,0.7808171390169298,0.780068482638199,-0.20093003813476906,-0.3392496000265325,0.672668513388735,0.08448141338411719,0.11204991938248388,0.7800684826381991,-0.23782291109861775
504,3,2012-02-02,0.09083725459998471,0.12298115955080502,0.09630630128139853,0.16657524048212774,0.951181808846884,0.780068482638199,-0.1587548959145645,-0.3392496000265325,0.6771314250538627,0.08501929968287003,0.11279332996635302,0.7800684826381991,-0.23926898819992537
504,4,2012-02-02,0.08196607552015656,0.12298115955080502,0.0967412095265886,0.16657524048212774,0.8629321166676559,0.780068482638199,-0.17442148191633622,-0.3392496000265325,0.6785164666051092,0.08518616096424925,0.11302404359582965,0.780068482638199,-0.23971741510971
504,5,2012-02-02,0.0771358316810642,0.12298115955080502,0.09884010605598775,0.16657524048212774,0.8014160197707718,0.780068482638199,-0.20806338016807102,-0.3392496000265325,0.6799015081563557,0.08535298954319481,0.11325475722530627,0.7800684826381991,-0.2401656735580373
504,6,2012-02-02,0.08614307967235746,0.12298115955080502,0.09704276155357638,0.16657524048212774,0.900253731810695,0.780068482638199,-0.20782515869780005,-0.3392496000265325,0.6797476146506617,0.08533445465011247,0.11322912237758664,0.780068482638199,-0.2401158753828776
504,7,2012-02-02,0.08217426191256583,0.12298115955080502,0.0974098552085364,0.16657524048212774,0.8596477782866545,0.780068482638199,-0.1852878919858182,-0.3392496000265325,0.6849799938442598,0.0859644141528626,0.11410070720005393,0.7800684826381991,-0.2418078465803859
504,8,2012-02-02,0.0870083636211334,0.12298115955080502,0.09563702265696274,0.16657524048212774,0.9203843932143536,0.780068482638199,-0.15726869709471947,-0.3392496000265325,0.6760541705140043,0.08488949609268981,0.11261388603231565,0.7800684826381988,-0.2389200952476781
504,9,2012-02-02,0.09163923741566382,0.12298115955080502,0.0957859844891006,0.16657524048212774,0.9635013848241368,0.780068482638199,-0.14767223203535562,-0.3392496000265325,0.6588180978762697,0.08280995948414449,0.10974278308771758,0.780068482638199,-0.23332394872535855
756,0,2013-03-04,0.07415461780337052,0.12179165853232554,0.10325658053613583,0.1696463453708011,0.7445637331523722,0.7627713953125429,-0.24249920850394224,-0.3392496000265327,0.6819402484055052,0.0849378489596706,0.1156886709032502,0.7627713953125432,-0.240825190263808
756,1,2013-03-04,0.07545689095068475,0.12179165853232554,0.10624104584129923,0.1696463453708011,0.7380393897191977,0.7627713953125429,-0.2550931469790759,-0.3392496000265327,0.7039274924471299,0.08754928527875316,0.1194187264996878,0.7627713953125428,-0.24791469830672697
756,2,2013-03-04,0.06901594412661538,0.12179165853232554,0.10585777184722264,0.1696463453708011,0.6835606839789007,0.7627713953125429,-0.2771961823703658,-0.3392496000265327,0.6859684457871769,0.08541695264151761,0.11637203986748305,0.7627713953125429,-0.2421272078976462
756,3,2013-03-04,0.06744063972333003,0.12179165853232554,0.10404070531580127,0.1696463453708011,0.6794660169094612,0.7627713953125429,-0.2770914465805179,-0.3392496000265327,0.6901644847264182,0.08591569888112005,0.1170838825385589,0.762771395312543,-0.24348196101447817
756,4,2013-03-04,0.07161621353246961,0.12179165853232554,0.10557138994895196,0.1696463453708011,0.708152431227529,0.7627713953125429,-0.255009958493307,-0.3392496000265327,0.6935213158778113,0.08631446023587164,0.11765335667541961,0.7627713953125429,-0.24456465025909968
756,5,2013-03-04,0.07038555534229696,0.12179165853232554,0.10548715384088653,0.1696463453708011,0.6977524758522898,0.7627713953125429,-0.2663452463235566,-0.3392496000265327,0.6847935548841894,0.0852772451341628,0.11617272391958182,0.7627713953125429,-0.241747599950076
756,6,2013-03-04,0.07171386276609315,0.12179165853232554,0.10370692225636378,0.1696463453708011,0.7198663552398287,0.7627713953125429,-0.22888781487739818,-0.3392496000265327,0.6863041289023162,0.08545686436955302,0.11642898728116911,0.762771395312543,-0.24223564504631634
756,7,2013-03-04,0.07498978001981627,0.12179165853232554,0.10536399157303113,0.1696463453708011,0.7391782348302521,0.7627713953125429,-0.25221363685355314,-0.3392496000265327,0.6884860691507217,0.08571623962443331,0.11679914547012858,0.7627713953125428,-0.24294024530910452
756,8,2013-03-04,0.06932312297402055,0.12179165853232554,0.10536793305826322,0.1696463453708011,0.6889861481049161,0.7627713953125429,-0.25500995849330566,-0.3392496000265327,0.6871433366901645,0.08555663454195361,0.11657135581538429,0.7627713953125428,-0.24250669462505836
756,9,2013-03-04,0.0718880262291699,0.12179165853232554,0.10515962961077259,0.1696463453708011,0.7129070797794527,0.7627713953125429,-0.2509225374542011,-0.3392496000265327,0.698053037932192,0.08685245513311957,0.11842214676018155,0.762771395312543,-0.24602471105844903
